{"stats":{"minecraft:picked_up":{"minecraft:chicken":2,"minecraft:potion":1,"minecraft:enchanted_book":24,"mcda:rugged_climbing_gear_leggings":1,"minecraft:string":25,"minecraft:iron_axe":1,"artifacts:feral_claws":13,"mythicmobs:chupacabra_raw_meat":2,"minecraft:candle":7,"minecraft:gold_nugget":1,"bosses_of_mass_destruction:soul_star":9,"minecraft:bucket":8,"minecells:quick_bow":3,"minecraft:spruce_planks":4,"armourers_workshop:skin-library-global":3,"minecraft:beef":2,"livingthings:ostrich":2,"minecraft:written_book":1,"minecraft:player_head":4,"minecraft:poppy":2,"minecraft:light_gray_wool":1,"mcda:highland_armor_helmet":3,"minecraft:chest":72,"minecells:transposition_core":1,"minecraft:tipped_arrow":3,"minecraft:golden_helmet":2,"minecells:guts":24,"minecraft:stick":4,"minecells:monsters_eye":419,"artifacts:vampiric_glove":6,"minecraft:porkchop":5,"minecells:putrid_log":29,"minecraft:carrot":3,"majruszsaccessories:adventurer_kit":5,"minecells:putrid_fence":4,"minecraft:golden_chestplate":1,"majruszsaccessories:dream_catcher":3,"minecraft:arrow":75,"minecraft:rotten_flesh":348,"minecraft:saddle":1,"minecraft:gold_ingot":162,"minecells:broken_cage":1,"minecraft:bone_block":10,"minecraft:mutton":3,"minecells:broadsword":4,"minecraft:iron_bars":4,"minecraft:skeleton_skull":10,"minecraft:white_wool":2,"minecraft:cobblestone":2,"minecraft:leather_chestplate":1,"minecraft:feather":8,"artifacts:eternal_steak":1,"minecraft:leather":20,"majruszsdifficulty:tattered_helmet":4,"minecraft:potato":3,"minecraft:oak_log":77,"minecraft:gunpowder":3,"travelersbackpack:magma_cube":1,"minecraft:dirt":29,"armourers_workshop:skin":39,"minecraft:name_tag":2,"promenade:mikado_maple_sapling":8,"minecraft:cooked_mutton":1,"mcda:scale_mail_chestplate":3,"minecells:putrid_planks":3,"minecraft:bone":131,"majruszsaccessories:miner_guide":6,"minecraft:apple":5,"minecraft:stone_bricks":1,"minecraft:wheat_seeds":5,"minecraft:raw_gold":8,"minecells:prison_torch":2,"minecraft:iron_ingot":125,"minecraft:cooked_chicken":1,"minecraft:cobweb":5,"promenade:maple_log":17,"minecraft:bamboo":1088,"minecraft:moss_block":32,"mcda:scale_mail_boots":3,"minecraft:iron_sword":3,"minecraft:oak_planks":2,"mcda:scale_mail_leggings":3,"mcda:rugged_climbing_gear_boots":2,"mcda:rugged_climbing_gear_helmet":3,"minecraft:music_disc_13":4,"patchouli:guide_book":2,"promenade:duck":1,"minecells:monster_cell":244,"minecells:infected_flesh":21,"minecraft:gravel":4,"minecraft:amethyst_shard":18,"minecells:assault_shield":10,"minecells:metal_shards":4,"minecells:cudgel":1,"minecraft:spider_eye":4,"minecells:electric_whip":1,"minecraft:oak_wood":3,"minecells:multiple_nocks_bow":3,"jewelry:topaz_ring":4,"minecraft:slime_ball":6,"minecraft:diamond":118,"minecells:explosive_bulb":3,"minecells:bloomrock":3,"minecraft:emerald":46,"minecraft:rooted_dirt":1,"minecraft:baked_potato":2,"minecells:putrid_door":1,"minecraft:mangrove_propagule":4,"minecells:blood_sword":8,"minecraft:ender_pearl":2},"minecraft:custom":{"minecraft:interact_with_smithing_table":2,"lootr:looted_stat":116,"minecraft:interact_with_anvil":5,"minecraft:mob_kills":468,"minecraft:interact_with_crafting_table":14,"minecraft:leave_game":235,"minecraft:time_since_death":14565,"minecraft:climb_one_cm":1266,"minecraft:sprint_one_cm":1144117,"minecraft:walk_one_cm":1264198,"minecraft:drop":24,"minecraft:play_time":707491,"minecraft:deaths":126,"minecraft:sneak_time":3522,"minecraft:walk_under_water_one_cm":12289,"minecraft:jump":5114,"minecraft:walk_on_water_one_cm":30766,"minecraft:total_world_time":707491,"minecraft:sleep_in_bed":3,"minecraft:time_since_rest":16476,"minecraft:damage_taken":61486,"minecraft:damage_absorbed":40,"minecraft:damage_dealt":109693,"minecraft:swim_one_cm":5972,"minecraft:fly_one_cm":762481,"minecraft:player_kills":6,"minecraft:open_chest":15,"minecraft:crouch_one_cm":8581,"minecraft:fall_one_cm":185181},"minecraft:mined":{"minecells:putrid_fence":3,"graveyard:tg_coarse_dirt":2,"minecraft:mossy_cobblestone":35,"minecraft:dark_oak_leaves":1,"minecells:putrid_log":67,"minecraft:grass_block":3,"minecells:arrow_sign":1,"promenade:mikado_maple_leaf_pile":1,"promenade:maple_log":14,"graveyard:tg_moss_block":3,"minecraft:fire":4,"travelersbackpack:magma_cube":1,"minecells:prison_torch":2,"minecells:wilted_wall_leaves":1,"minecells:corpse":1,"graveyard:tg_rooted_dirt":2,"minecraft:oak_wood":3,"minecraft:tall_grass":5,"minecraft:cobblestone":15,"minecells:alchemy_equipment_0":2,"graveyard:tg_grass_block":3,"minecraft:oak_planks":4,"minecells:alchemy_equipment_2":1,"minecells:bloomrock":1,"minecells:broken_cage":1,"minecraft:grass":14,"minecraft:oak_log":13,"minecraft:dirt":7,"minecells:hanged_skeleton":1,"minecraft:cracked_stone_bricks":1,"minecells:bloomrock_wilted_grass_block":2,"minecraft:stone_bricks":3,"minecraft:mossy_stone_bricks":3,"minecraft:oak_leaves":6,"minecraft:deepslate":2,"minecraft:fern":2},"minecraft:crafted":{"minecraft:wooden_sword":2,"ironchests:copper_chest":8,"minecraft:oak_planks":84,"minecells:putrid_planks":116,"minecraft:diamond":36,"promenade:maple_planks":48,"minecraft:chest":4,"ironchests:gold_chest":4,"minecraft:crafting_table":2,"minecraft:wooden_pickaxe":4,"ironchests:iron_chest":4,"ironchests:diamond_chest":2,"minecraft:stick":20,"minecraft:wooden_axe":2,"minecraft:iron_block":3,"minecraft:gold_ingot":45,"minecraft:anvil":1,"promenade:maple_slab":30,"minecraft:shears":1},"minecraft:killed":{"livingthings:snail":4,"minecells:mutated_bat":9,"promenade:duck":1,"minecraft:spider":7,"minecells:undead_archer":6,"minecraft:skeleton":52,"minecraft:chicken":3,"mythicmobs:chupacabra":1,"minecells:leaping_zombie":43,"minecells:protector":2,"minecells:grenadier":4,"minecraft:husk":7,"graveyard:ghoul":1,"minecells:runner":5,"minecraft:iron_golem":1,"minecraft:bat":1,"majruszsdifficulty:cursed_armor":2,"minecraft:sheep":5,"minecraft:zombie":261,"minecraft:stray":2,"minecells:shieldbearer":8,"minecraft:player":5,"minecraft:enderman":3,"minecraft:cow":2},"minecraft:killed_by":{"minecraft:husk":3,"minecraft:player":17,"mca:male_villager":1,"minecraft:stray":2,"minecraft:creeper":3,"minecells:leaping_zombie":29,"minecraft:enderman":1,"minecraft:iron_golem":6,"minecells:mutated_bat":7,"mythicmobs:chupacabra":1,"minecraft:skeleton":13,"minecraft:zombie":16,"cave_dweller:cave_dweller":1,"minecells:grenadier":10,"minecells:runner":3},"minecraft:used":{"minecraft:chest":2,"lootr:trophy":1,"minecraft:player_head":1,"minecraft:cooked_chicken":1,"minecraft:mutton":3,"minecraft:anvil":1,"minecraft:oak_wood":1,"promenade:duck":1,"minecells:crowbar":1,"minecells:monsters_eye":9,"minecraft:wooden_axe":68,"minecells:blood_sword":1363,"minecells:guts":3,"minecells:broadsword":79,"mcda:reinforced_mail_helmet":1,"armourers_workshop:skin-library-creative":1,"ironchests:diamond_chest":2,"minecells:putrid_planks":24,"minecraft:oak_planks":37,"minecraft:wooden_pickaxe":68,"minecraft:golden_apple":1,"mcda:reinforced_mail_chestplate":1,"minecraft:crafting_table":2,"promenade:maple_planks":6,"minecells:flint":3,"minecraft:oak_log":1,"minecraft:apple":1,"minecells:tentacle":3,"armourers_workshop:skin-library-global":1,"mcda:reinforced_mail_leggings":1,"promenade:mikado_maple_sapling":1,"minecraft:wooden_sword":6,"travelersbackpack:magma_cube":2,"mcda:reinforced_mail_boots":1,"minecraft:pumpkin_pie":2,"minecraft:experience_bottle":66},"minecraft:dropped":{"minecells:greed_shield":1,"minecells:assault_shield":1,"minecraft:stick":1,"minecells:nutcracker":1,"minecells:broadsword":3,"minecraft:dirt":6,"mcda:rugged_climbing_gear_leggings":1,"minecraft:bone_block":1,"minecraft:bone":6,"minecraft:gravel":1,"minecraft:player_head":1,"minecraft:rotten_flesh":53,"mcda:rugged_climbing_gear_helmet":1,"minecraft:poppy":1,"minecraft:skeleton_skull":1,"artifacts:eternal_steak":1,"minecraft:slime_ball":1},"minecraft:broken":{"mcda:highland_armor_helmet":1,"mcda:scale_mail_boots":1,"minecraft:wooden_pickaxe":1,"mcda:reinforced_mail_helmet":1,"mcda:scale_mail_chestplate":1,"mcda:scale_mail_leggings":1,"minecraft:wooden_axe":1}},"DataVersion":3465}