{"stats":{"minecraft:crafted":{"minecraft:wooden_sword":2,"ironchests:copper_chest":8,"minecraft:oak_planks":44,"minecells:putrid_planks":116,"minecraft:diamond":36,"promenade:maple_planks":20,"minecraft:chest":4,"ironchests:gold_chest":4,"minecraft:crafting_table":2,"minecraft:wooden_pickaxe":1,"ironchests:iron_chest":4,"ironchests:diamond_chest":2,"minecraft:stick":12,"minecraft:wooden_axe":1,"minecraft:iron_block":3,"minecraft:gold_ingot":45,"minecraft:anvil":1},"minecraft:dropped":{"minecells:greed_shield":1,"minecells:assault_shield":1,"minecraft:stick":1,"minecells:nutcracker":1,"minecells:broadsword":2,"minecraft:poppy":1,"minecraft:skeleton_skull":1},"minecraft:killed_by":{"minecraft:husk":1,"minecraft:player":8,"mca:male_villager":1,"minecraft:stray":2,"minecraft:creeper":2,"minecells:leaping_zombie":29,"minecraft:enderman":1,"minecraft:iron_golem":6,"minecells:mutated_bat":7,"minecraft:skeleton":7,"minecraft:zombie":14,"cave_dweller:cave_dweller":1,"minecells:grenadier":10,"minecells:runner":3},"minecraft:killed":{"livingthings:snail":3,"minecells:mutated_bat":9,"promenade:duck":1,"minecraft:spider":5,"minecells:undead_archer":6,"minecraft:skeleton":10,"minecraft:chicken":1,"mythicmobs:chupacabra":1,"minecells:leaping_zombie":43,"minecells:protector":2,"minecells:grenadier":4,"minecraft:husk":4,"graveyard:ghoul":1,"minecells:runner":5,"minecraft:iron_golem":1,"minecraft:bat":1,"majruszsdifficulty:cursed_armor":1,"minecraft:sheep":4,"minecraft:zombie":167,"minecraft:stray":1,"minecells:shieldbearer":8,"minecraft:player":2,"minecraft:cow":2},"minecraft:broken":{"mcda:highland_armor_helmet":1,"mcda:scale_mail_boots":1,"mcda:scale_mail_chestplate":1,"mcda:scale_mail_leggings":1,"minecraft:wooden_axe":1},"minecraft:picked_up":{"minecraft:chicken":2,"minecraft:potion":1,"minecraft:enchanted_book":11,"minecraft:string":20,"artifacts:feral_claws":7,"mythicmobs:chupacabra_raw_meat":2,"minecraft:candle":7,"minecraft:gold_nugget":1,"bosses_of_mass_destruction:soul_star":3,"minecraft:spruce_planks":4,"armourers_workshop:skin-library-global":3,"minecraft:beef":2,"livingthings:ostrich":2,"minecraft:written_book":1,"minecraft:player_head":2,"minecraft:poppy":2,"minecraft:light_gray_wool":1,"mcda:highland_armor_helmet":3,"minecraft:chest":72,"minecells:transposition_core":1,"minecraft:golden_helmet":2,"minecraft:tipped_arrow":1,"minecells:guts":24,"minecraft:stick":2,"minecells:monsters_eye":187,"minecraft:porkchop":5,"minecells:putrid_log":29,"minecraft:carrot":2,"majruszsaccessories:adventurer_kit":1,"minecells:putrid_fence":4,"minecraft:golden_chestplate":1,"majruszsaccessories:dream_catcher":1,"minecraft:arrow":32,"minecraft:rotten_flesh":215,"minecraft:gold_ingot":135,"minecells:broken_cage":1,"minecraft:mutton":3,"minecells:broadsword":1,"minecraft:iron_bars":4,"minecraft:skeleton_skull":3,"minecraft:white_wool":1,"minecraft:cobblestone":2,"minecraft:feather":5,"minecraft:leather":12,"majruszsdifficulty:tattered_helmet":4,"minecraft:potato":1,"minecraft:oak_log":12,"minecraft:gunpowder":3,"travelersbackpack:magma_cube":1,"minecraft:dirt":3,"armourers_workshop:skin":27,"promenade:mikado_maple_sapling":1,"mcda:scale_mail_chestplate":3,"minecells:putrid_planks":3,"minecraft:bone":21,"majruszsaccessories:miner_guide":6,"minecraft:apple":1,"minecraft:stone_bricks":1,"minecraft:wheat_seeds":5,"minecells:prison_torch":2,"minecraft:iron_ingot":116,"minecraft:cobweb":5,"promenade:maple_log":10,"mcda:scale_mail_boots":3,"minecraft:iron_sword":3,"minecraft:oak_planks":1,"mcda:scale_mail_leggings":3,"promenade:duck":1,"minecells:monster_cell":244,"minecells:infected_flesh":21,"minecraft:gravel":3,"minecells:assault_shield":4,"minecells:metal_shards":4,"minecells:cudgel":1,"minecraft:spider_eye":4,"minecells:electric_whip":1,"minecraft:oak_wood":3,"minecraft:slime_ball":2,"minecraft:diamond":117,"minecells:explosive_bulb":3,"minecells:bloomrock":3,"minecraft:emerald":31,"minecraft:rooted_dirt":1,"minecraft:baked_potato":1,"minecells:putrid_door":1,"minecells:blood_sword":3},"minecraft:used":{"minecraft:chest":2,"lootr:trophy":1,"minecraft:player_head":1,"minecraft:mutton":3,"minecraft:anvil":1,"minecraft:oak_wood":1,"minecells:crowbar":1,"promenade:duck":1,"minecells:monsters_eye":9,"minecraft:wooden_axe":61,"minecells:blood_sword":857,"minecells:guts":3,"minecells:broadsword":77,"armourers_workshop:skin-library-creative":1,"ironchests:diamond_chest":2,"minecells:putrid_planks":24,"minecraft:oak_planks":2,"minecraft:wooden_pickaxe":6,"minecraft:golden_apple":1,"minecraft:crafting_table":2,"promenade:maple_planks":5,"minecells:flint":3,"minecraft:apple":1,"minecells:tentacle":3,"armourers_workshop:skin-library-global":1,"promenade:mikado_maple_sapling":1,"minecraft:wooden_sword":6,"travelersbackpack:magma_cube":2,"minecraft:experience_bottle":66},"minecraft:mined":{"minecells:putrid_fence":3,"graveyard:tg_coarse_dirt":2,"minecraft:dark_oak_leaves":1,"minecells:putrid_log":67,"minecraft:grass_block":2,"minecells:arrow_sign":1,"promenade:mikado_maple_leaf_pile":1,"promenade:maple_log":7,"graveyard:tg_moss_block":3,"minecraft:fire":4,"travelersbackpack:magma_cube":1,"minecells:prison_torch":2,"minecells:wilted_wall_leaves":1,"minecells:corpse":1,"graveyard:tg_rooted_dirt":2,"minecraft:oak_wood":3,"graveyard:tg_grass_block":3,"minecraft:tall_grass":5,"minecraft:cobblestone":1,"minecells:alchemy_equipment_0":2,"minecraft:oak_planks":3,"minecells:alchemy_equipment_2":1,"minecells:bloomrock":1,"minecells:broken_cage":1,"minecraft:grass":13,"minecraft:oak_log":13,"minecraft:dirt":1,"minecells:hanged_skeleton":1,"minecells:bloomrock_wilted_grass_block":2,"minecraft:oak_leaves":2,"minecraft:fern":2},"minecraft:custom":{"minecraft:interact_with_smithing_table":2,"lootr:looted_stat":103,"minecraft:interact_with_anvil":2,"minecraft:mob_kills":293,"minecraft:interact_with_crafting_table":11,"minecraft:leave_game":136,"minecraft:time_since_death":6355,"minecraft:climb_one_cm":1266,"minecraft:sprint_one_cm":971617,"minecraft:walk_one_cm":1029015,"minecraft:drop":8,"minecraft:play_time":527905,"minecraft:deaths":104,"minecraft:sneak_time":2462,"minecraft:walk_under_water_one_cm":9796,"minecraft:jump":3903,"minecraft:walk_on_water_one_cm":18746,"minecraft:total_world_time":527905,"minecraft:sleep_in_bed":3,"minecraft:time_since_rest":6496,"minecraft:damage_taken":44675,"minecraft:damage_absorbed":40,"minecraft:damage_dealt":71804,"minecraft:swim_one_cm":2639,"minecraft:fly_one_cm":586245,"minecraft:player_kills":2,"minecraft:open_chest":9,"minecraft:crouch_one_cm":5907,"minecraft:fall_one_cm":130583}},"DataVersion":3465}