{"stats":{"minecraft:dropped":{"minecells:greed_shield":1,"minecells:assault_shield":1,"minecraft:stick":1,"minecells:nutcracker":1,"minecraft:poppy":1,"minecells:broadsword":2,"minecraft:skeleton_skull":1},"minecraft:custom":{"lootr:looted_stat":97,"minecraft:mob_kills":109,"minecraft:interact_with_crafting_table":7,"minecraft:leave_game":43,"minecraft:time_since_death":8173,"minecraft:sleep_in_bed":2,"minecraft:climb_one_cm":1266,"minecraft:time_since_rest":9525,"minecraft:sprint_one_cm":786750,"minecraft:damage_absorbed":40,"minecraft:damage_taken":35763,"minecraft:walk_one_cm":781757,"minecraft:drop":8,"minecraft:damage_dealt":28261,"minecraft:swim_one_cm":2639,"minecraft:fly_one_cm":459508,"minecraft:player_kills":2,"minecraft:open_chest":2,"minecraft:play_time":345007,"minecraft:crouch_one_cm":4476,"minecraft:deaths":89,"minecraft:sneak_time":1620,"minecraft:walk_under_water_one_cm":8822,"minecraft:jump":2917,"minecraft:walk_on_water_one_cm":13004,"minecraft:total_world_time":345007,"minecraft:fall_one_cm":92420},"minecraft:crafted":{"minecraft:wooden_sword":2,"minecraft:oak_planks":44,"minecraft:crafting_table":2,"minecraft:wooden_pickaxe":1,"minecells:putrid_planks":116,"minecraft:stick":12,"promenade:maple_planks":20,"minecraft:wooden_axe":1,"minecraft:chest":4},"minecraft:killed":{"livingthings:snail":3,"minecells:mutated_bat":9,"minecells:runner":5,"promenade:duck":1,"minecraft:spider":1,"minecells:undead_archer":6,"minecraft:iron_golem":1,"minecraft:sheep":4,"minecraft:skeleton":3,"minecraft:zombie":16,"minecells:shieldbearer":8,"minecells:leaping_zombie":41,"minecells:protector":2,"minecells:grenadier":4,"minecraft:player":2},"minecraft:used":{"minecells:putrid_planks":24,"minecraft:oak_planks":2,"minecraft:wooden_pickaxe":6,"minecraft:chest":2,"minecraft:player_head":1,"minecraft:golden_apple":1,"minecraft:mutton":3,"promenade:duck":1,"minecraft:crafting_table":2,"minecraft:oak_wood":1,"promenade:maple_planks":5,"minecells:crowbar":1,"minecraft:wooden_axe":61,"minecells:monsters_eye":3,"minecells:flint":3,"minecraft:apple":1,"minecells:tentacle":3,"minecells:blood_sword":222,"minecells:guts":3,"minecells:broadsword":77,"promenade:mikado_maple_sapling":1,"minecraft:wooden_sword":6,"travelersbackpack:magma_cube":2},"minecraft:broken":{"minecraft:wooden_axe":1},"minecraft:picked_up":{"minecraft:feather":5,"minecraft:leather":8,"majruszsdifficulty:tattered_helmet":1,"minecraft:potion":1,"minecraft:enchanted_book":11,"minecraft:oak_log":12,"minecraft:gunpowder":3,"travelersbackpack:magma_cube":1,"minecraft:string":4,"minecraft:dirt":2,"minecells:putrid_planks":3,"artifacts:feral_claws":4,"promenade:mikado_maple_sapling":1,"minecraft:bone":10,"majruszsaccessories:miner_guide":6,"minecraft:apple":1,"minecraft:stone_bricks":1,"minecraft:wheat_seeds":1,"minecraft:candle":7,"minecraft:gold_nugget":1,"minecells:prison_torch":2,"minecraft:spruce_planks":4,"minecraft:iron_ingot":11,"livingthings:ostrich":2,"minecraft:cobweb":5,"minecraft:written_book":1,"promenade:maple_log":10,"minecraft:player_head":1,"minecraft:poppy":2,"minecraft:light_gray_wool":1,"minecraft:iron_sword":2,"minecraft:oak_planks":1,"minecells:transposition_core":1,"minecraft:stick":2,"minecells:guts":24,"minecraft:tipped_arrow":1,"promenade:duck":1,"minecells:monster_cell":48,"minecells:infected_flesh":21,"minecells:monsters_eye":3,"minecraft:gravel":3,"minecraft:porkchop":5,"minecells:putrid_log":29,"majruszsaccessories:adventurer_kit":1,"minecells:assault_shield":1,"minecells:metal_shards":4,"minecells:cudgel":1,"minecells:putrid_fence":4,"majruszsaccessories:dream_catcher":1,"minecells:electric_whip":1,"minecraft:oak_wood":3,"minecraft:arrow":19,"minecraft:rotten_flesh":44,"minecraft:slime_ball":2,"minecraft:diamond":8,"minecells:explosive_bulb":3,"minecells:bloomrock":3,"minecraft:emerald":31,"minecells:broken_cage":1,"minecraft:rooted_dirt":1,"minecells:putrid_door":1,"minecraft:mutton":3,"minecells:broadsword":1,"minecraft:iron_bars":4,"minecraft:skeleton_skull":3,"minecraft:white_wool":1,"minecraft:cobblestone":2},"minecraft:mined":{"minecells:putrid_fence":3,"graveyard:tg_coarse_dirt":2,"minecraft:dark_oak_leaves":1,"minecells:corpse":1,"minecells:putrid_log":67,"graveyard:tg_rooted_dirt":2,"minecraft:grass_block":2,"minecraft:oak_wood":3,"minecraft:tall_grass":5,"minecraft:cobblestone":1,"graveyard:tg_grass_block":3,"minecells:alchemy_equipment_0":2,"minecraft:oak_planks":3,"minecells:alchemy_equipment_2":1,"minecells:bloomrock":1,"minecells:arrow_sign":1,"promenade:mikado_maple_leaf_pile":1,"promenade:maple_log":7,"minecells:broken_cage":1,"graveyard:tg_moss_block":3,"minecraft:fire":4,"travelersbackpack:magma_cube":1,"minecraft:grass":12,"minecells:prison_torch":2,"minecraft:oak_log":13,"minecells:wilted_wall_leaves":1,"minecells:hanged_skeleton":1,"minecells:bloomrock_wilted_grass_block":2,"minecraft:oak_leaves":1,"minecraft:fern":2},"minecraft:killed_by":{"minecraft:player":8,"minecraft:skeleton":5,"minecraft:stray":2,"minecraft:creeper":2,"minecraft:zombie":5,"minecells:leaping_zombie":29,"minecraft:iron_golem":6,"cave_dweller:cave_dweller":1,"minecells:grenadier":10,"minecells:mutated_bat":7,"minecells:runner":3}},"DataVersion":3465}