{"stats":{"minecraft:picked_up":{"minecells:promenade_of_the_condemned_flag":1,"minecraft:leather_leggings":2,"betternether:lumabus_seed":9,"minecraft:enchanted_book":36,"minecraft:chain":5,"minecraft:shield":1,"mcda:rugged_climbing_gear_leggings":3,"minecraft:string":17,"minecraft:iron_axe":5,"artifacts:feral_claws":1,"minecraft:iron_shovel":1,"minecraft:candle":5,"minecraft:bucket":2,"minecells:quick_bow":5,"minecells:nutcracker":1,"minecraft:player_head":2,"minecraft:iron_nugget":1,"minecraft:birch_sapling":5,"minecells:transposition_core":3,"minecraft:golden_helmet":1,"minecraft:tipped_arrow":3,"minecells:torn_kings_crest_flag":1,"minecells:guts":45,"minecraft:stick":32,"betternether:wall_mushroom_red":1,"minecraft:oak_fence":2,"minecells:monsters_eye":183,"minecells:arcane_goo":4,"artifacts:vampiric_glove":1,"minecraft:porkchop":10,"minecraft:diorite":3,"majruszsaccessories:adventurer_kit":1,"minecells:putrid_fence":13,"majruszsaccessories:dream_catcher":2,"minecraft:arrow":677,"minecraft:rotten_flesh":193,"minecells:cell_infused_steel":6,"minecraft:peony":7,"promenade:sap_maple_sapling":8,"minecells:putrid_board_block":2,"minecraft:gold_ingot":77,"minecraft:saddle":1,"promenade:apricot":3,"promenade:maple_planks":8,"minecraft:mutton":7,"minecraft:bone_block":6,"promenade:stripped_maple_log":1,"minecells:broadsword":15,"minecraft:skeleton_skull":2,"minecraft:white_wool":3,"minecraft:cobblestone":3,"betternether:glowstone_pile":4,"minecraft:feather":2,"minecells:prison_stone":1,"artifacts:eternal_steak":9,"mcda:rugged_climbing_gear_chestplate":2,"minecraft:leather":4,"promenade:fulvous_maple_sapling":7,"majruszsdifficulty:tattered_helmet":1,"minecraft:potato":1,"minecraft:oak_log":46,"minecraft:chainmail_chestplate":1,"minecraft:gunpowder":6,"minecraft:dirt":36,"minecraft:paper":1,"armourers_workshop:skin":13,"minecraft:name_tag":4,"promenade:mikado_maple_sapling":5,"minecraft:leather_boots":2,"minecells:putrid_planks":8,"minecraft:bone":85,"minecells:arrow_sign":1,"majruszsaccessories:miner_guide":7,"minecraft:apple":4,"minecraft:bow":4,"minecraft:wheat_seeds":6,"minecraft:raw_gold":2,"minecraft:iron_ingot":117,"minecraft:cobweb":6,"promenade:maple_log":58,"minecraft:bamboo":912,"minecraft:moss_block":25,"minecraft:iron_sword":11,"minecraft:book":8,"mcda:rugged_climbing_gear_boots":2,"minecraft:music_disc_13":1,"mcda:rugged_climbing_gear_helmet":9,"minecraft:pumpkin":3,"patchouli:guide_book":2,"minecells:firebrands":19,"promenade:duck":1,"minecells:monster_cell":95,"minecells:infected_flesh":45,"minecraft:amethyst_shard":6,"minecells:assault_shield":9,"minecells:metal_shards":7,"minecells:cudgel":1,"minecells:electric_whip":2,"minecells:multiple_nocks_bow":2,"jewelry:topaz_ring":4,"minecraft:slime_ball":9,"minecraft:diamond":7,"minecells:explosive_bulb":4,"minecraft:crossbow":6,"minecells:bloomrock":2,"minecraft:chainmail_helmet":1,"minecells:greed_shield":1,"minecraft:emerald":74,"minecraft:rooted_dirt":1,"minecraft:baked_potato":1,"minecells:putrid_door":2,"minecraft:oak_sapling":15,"minecraft:black_wool":2,"minecells:blood_sword":4,"minecraft:coal":1,"minecraft:mangrove_propagule":1,"minecraft:sunflower":2},"minecraft:custom":{"lootr:looted_stat":97,"minecraft:mob_kills":227,"minecraft:interact_with_crafting_table":16,"minecraft:bell_ring":7,"minecraft:leave_game":38,"minecraft:time_since_death":3557,"minecraft:climb_one_cm":50097,"minecraft:sprint_one_cm":1155010,"minecraft:walk_one_cm":706813,"minecraft:drop":167,"minecraft:play_time":569091,"minecraft:sneak_time":6477,"minecraft:deaths":64,"minecraft:walk_under_water_one_cm":8992,"minecraft:jump":5421,"minecraft:walk_on_water_one_cm":15611,"minecraft:total_world_time":569091,"minecraft:sleep_in_bed":4,"minecraft:time_since_rest":3590,"minecraft:damage_taken":31269,"minecraft:damage_dealt":61196,"minecraft:swim_one_cm":2806,"minecraft:fly_one_cm":1013503,"minecraft:player_kills":17,"minecraft:crouch_one_cm":10932,"minecraft:open_chest":20,"minecraft:aviate_one_cm":1049297,"minecraft:fall_one_cm":156716},"minecraft:mined":{"minecells:putrid_fence":14,"graveyard:tg_coarse_dirt":7,"minecraft:candle":2,"betternether:bone_grass":6,"minecells:wilted_grass_block":1,"minecells:prison_cobblestone":2,"betternether:lumabus_vine":4,"minecraft:grass_block":9,"minecells:putrid_board_block":2,"promenade:maple_planks":5,"minecraft:spruce_leaves":1,"minecraft:crimson_fungus":2,"minecraft:mangrove_propagule":1,"minecraft:crimson_stem":2,"minecraft:large_fern":1,"promenade:maple_log":62,"promenade:fulvous_maple_leaf_pile":1,"graveyard:tg_moss_block":11,"minecraft:pumpkin":4,"minecraft:peony":7,"minecraft:bookshelf":2,"minecraft:dirt_path":2,"minecells:torn_kings_crest_flag":1,"minecells:wilted_wall_leaves":2,"minecells:cage":1,"minecraft:bamboo":46,"minecraft:stone":2,"minecells:putrid_planks":8,"minecraft:crafting_table":1,"graveyard:tg_rooted_dirt":4,"minecraft:tall_grass":11,"graveyard:tg_grass_block":4,"promenade:stripped_maple_log":1,"minecraft:birch_log":31,"minecraft:birch_leaves":1,"minecraft:warped_fungus":1,"minecraft:mangrove_leaves":5,"minecraft:bee_nest":1,"betternether:wall_mushroom_red":1,"minecraft:grass":32,"minecraft:coal_ore":1,"minecraft:oak_log":12,"minecraft:gravel":2,"minecraft:dirt":5,"minecraft:cobweb":2,"minecells:bloomrock_wilted_grass_block":2,"minecraft:oak_leaves":6,"minecraft:fern":1,"minecells:promenade_of_the_condemned_flag":1},"minecraft:crafted":{"minecraft:oak_planks":52,"promenade:maple_planks":16,"minecraft:chest":2,"minecraft:diamond_axe":1,"minecraft:crafting_table":3,"minecraft:wooden_pickaxe":1,"minecraft:stick":4,"minecraft:wooden_axe":1},"minecraft:killed":{"livingthings:snail":1,"minecells:mutated_bat":15,"promenade:duck":1,"minecraft:spider":4,"minecraft:vindicator":2,"minecells:undead_archer":12,"minecraft:skeleton":12,"minecells:leaping_zombie":88,"minecells:protector":11,"minecells:grenadier":13,"minecraft:husk":1,"minecraft:pig":3,"graveyard:ghoul":1,"minecells:runner":11,"majruszsdifficulty:cursed_armor":1,"mythicmobs:drake":4,"minecraft:sheep":3,"minecraft:pillager":9,"minecraft:zombie":25,"minecraft:stray":2,"minecells:shieldbearer":5,"minecraft:player":17,"species:birt":1},"minecraft:killed_by":{"minecells:undead_archer":1,"minecraft:player":6,"minecraft:stray":3,"minecells:leaping_zombie":14,"minecraft:iron_golem":1,"mythicmobs:drake":1,"minecells:mutated_bat":1,"minecraft:hoglin":2,"minecraft:skeleton":2,"minecraft:zombie":6,"minecells:grenadier":9,"minecells:runner":1},"minecraft:used":{"minecraft:oak_fence":2,"mcda:rugged_climbing_gear_helmet":3,"minecraft:chest":2,"minecraft:iron_sword":2,"minecraft:rotten_flesh":1,"minecraft:dirt":23,"minecraft:wooden_axe":67,"minecraft:iron_axe":31,"minecells:broadsword":287,"minecraft:pumpkin":1,"minecells:putrid_planks":7,"minecraft:wooden_pickaxe":15,"artifacts:eternal_steak":151,"minecells:putrid_board_block":1,"promenade:maple_log":27,"minecraft:crafting_table":3,"minecells:prison_stone":1,"mcda:rugged_climbing_gear_chestplate":1,"mcda:rugged_climbing_gear_boots":1,"minecells:putrid_fence":2,"minecells:bloomrock":2,"minecraft:porkchop":5},"minecraft:broken":{"majruszsdifficulty:tattered_helmet":1,"minecraft:wooden_axe":1},"minecraft:dropped":{"minecraft:enchanted_book":20,"minecraft:iron_ingot":33,"minecraft:iron_sword":2,"betternether:wall_mushroom_red":1,"minecraft:candle":3,"minecraft:moss_block":9,"minecraft:porkchop":5,"minecraft:wheat_seeds":3,"minecraft:golden_helmet":1,"minecraft:oak_log":11,"minecraft:baked_potato":1,"minecells:transposition_core":1,"minecraft:diamond":9,"majruszsaccessories:adventurer_kit":1,"minecraft:crossbow":1,"minecraft:mangrove_propagule":1,"minecraft:feather":2,"minecraft:cobblestone":3,"minecells:electric_whip":2,"minecraft:apple":4,"minecraft:rooted_dirt":1,"minecraft:leather":10,"minecraft:spruce_button":1,"minecraft:saddle":1,"promenade:duck":1,"minecraft:chainmail_helmet":1,"minecells:monsters_eye":1,"minecells:assault_shield":1,"minecraft:music_disc_13":1,"minecraft:stick":13,"minecraft:emerald":31,"minecraft:cobweb":6,"minecells:broadsword":2,"minecraft:dirt":8,"minecells:infected_flesh":11,"promenade:apricot":3,"minecells:putrid_fence":1,"minecraft:mutton":1,"minecraft:chain":4,"minecraft:amethyst_shard":3,"minecraft:bone_block":2,"minecraft:sunflower":1,"minecraft:iron_axe":1,"minecraft:paper":2,"minecraft:string":13,"minecraft:bone":26,"minecraft:gold_ingot":37,"minecraft:player_head":1,"minecraft:iron_nugget":1,"minecraft:birch_sapling":5,"majruszsaccessories:miner_guide":6,"armourers_workshop:skin":5,"minecraft:rotten_flesh":150,"minecraft:name_tag":1,"minecells:monster_cell":22,"minecraft:chainmail_chestplate":1,"minecraft:potato":1,"minecraft:tipped_arrow":1,"minecraft:gunpowder":2,"minecraft:peony":7,"betternether:glowstone_pile":4,"minecraft:skeleton_skull":1,"minecraft:leather_boots":2,"minecraft:oak_sapling":5,"betternether:lumabus_seed":9,"minecraft:leather_leggings":2,"minecells:guts":13,"minecraft:bamboo":368,"minecraft:slime_ball":1,"minecraft:arrow":16,"minecells:cudgel":1,"minecraft:raw_gold":3,"minecraft:black_wool":1}},"DataVersion":3465}