{"stats":{"minecraft:custom":{"minecraft:jump":117,"minecraft:time_since_rest":2082,"minecraft:damage_taken":463,"minecraft:sprint_one_cm":5839,"minecraft:crouch_one_cm":342,"minecraft:leave_game":23,"minecraft:play_time":82203,"minecraft:walk_one_cm":30806,"minecraft:time_since_death":2017,"minecraft:deaths":2,"minecraft:sneak_time":558,"minecraft:total_world_time":82203,"minecraft:fall_one_cm":1835,"minecraft:fly_one_cm":4479,"minecraft:aviate_one_cm":23485},"minecraft:mined":{"betternether:lumabus_vine":4,"betternether:bone_grass":6,"minecraft:crimson_fungus":1,"minecraft:warped_fungus":1,"minecraft:crimson_stem":2},"minecraft:killed_by":{"minecraft:hoglin":1},"minecraft:picked_up":{"betternether:glowstone_pile":4,"minecraft:wheat_seeds":1,"betternether:lumabus_seed":9}},"DataVersion":3465}