{"stats":{"minecraft:killed":{"minecells:mutated_bat":15,"minecraft:spider":2,"minecells:undead_archer":12,"minecraft:skeleton":4,"minecells:leaping_zombie":88,"minecells:protector":11,"minecells:grenadier":13,"minecraft:husk":1,"minecraft:pig":3,"minecells:runner":11,"majruszsdifficulty:cursed_armor":1,"minecraft:sheep":3,"minecraft:zombie":20,"minecraft:stray":1,"minecells:shieldbearer":5,"species:birt":1,"minecraft:player":8},"minecraft:crafted":{"minecraft:oak_planks":16,"promenade:maple_planks":16,"minecraft:chest":1,"minecraft:diamond_axe":1,"minecraft:crafting_table":3,"minecraft:wooden_pickaxe":1,"minecraft:stick":4,"minecraft:wooden_axe":1},"minecraft:mined":{"minecells:putrid_fence":14,"graveyard:tg_coarse_dirt":7,"minecraft:candle":2,"betternether:bone_grass":6,"minecells:wilted_grass_block":1,"betternether:lumabus_vine":4,"minecells:prison_cobblestone":2,"minecraft:grass_block":9,"minecells:putrid_board_block":2,"promenade:maple_planks":5,"minecraft:spruce_leaves":1,"minecraft:crimson_fungus":2,"minecraft:crimson_stem":2,"promenade:maple_log":62,"promenade:fulvous_maple_leaf_pile":1,"graveyard:tg_moss_block":3,"minecraft:peony":7,"minecraft:dirt_path":2,"minecells:torn_kings_crest_flag":1,"minecells:wilted_wall_leaves":2,"minecells:cage":1,"minecraft:stone":2,"gravestones:gravestone":6,"minecells:putrid_planks":8,"minecraft:crafting_table":1,"graveyard:tg_rooted_dirt":4,"graveyard:tg_grass_block":4,"minecraft:tall_grass":10,"promenade:stripped_maple_log":1,"minecraft:warped_fungus":1,"betternether:wall_mushroom_red":1,"minecraft:grass":16,"minecraft:coal_ore":1,"minecraft:oak_log":12,"minecraft:gravel":2,"minecraft:dirt":1,"minecraft:cobweb":2,"minecells:bloomrock_wilted_grass_block":2,"minecraft:oak_leaves":6,"minecells:promenade_of_the_condemned_flag":1},"minecraft:custom":{"lootr:looted_stat":93,"minecraft:mob_kills":193,"minecraft:interact_with_crafting_table":12,"minecraft:bell_ring":1,"minecraft:leave_game":31,"minecraft:time_since_death":2144,"minecraft:climb_one_cm":16084,"minecraft:sprint_one_cm":921083,"minecraft:walk_one_cm":594648,"minecraft:drop":94,"minecraft:play_time":469282,"minecraft:deaths":52,"minecraft:sneak_time":5536,"minecraft:walk_under_water_one_cm":7956,"minecraft:jump":3624,"minecraft:walk_on_water_one_cm":11578,"minecraft:total_world_time":469282,"minecraft:sleep_in_bed":3,"minecraft:time_since_rest":2189,"minecraft:damage_taken":26179,"minecraft:damage_dealt":51306,"minecraft:swim_one_cm":581,"minecraft:fly_one_cm":650004,"minecraft:player_kills":8,"minecraft:open_chest":9,"minecraft:crouch_one_cm":9936,"minecraft:aviate_one_cm":844661,"minecraft:fall_one_cm":97192},"minecraft:broken":{"majruszsdifficulty:tattered_helmet":1,"minecraft:wooden_axe":1},"minecraft:killed_by":{"minecells:undead_archer":1,"minecraft:player":2,"minecraft:stray":3,"minecells:leaping_zombie":14,"minecraft:iron_golem":1,"minecells:mutated_bat":1,"minecraft:hoglin":2,"minecraft:skeleton":1,"minecraft:zombie":6,"minecells:grenadier":9,"minecells:runner":1},"minecraft:picked_up":{"minecells:promenade_of_the_condemned_flag":1,"betternether:lumabus_seed":9,"minecraft:enchanted_book":22,"minecraft:chain":5,"minecraft:shield":1,"minecraft:string":6,"minecraft:candle":5,"minecells:nutcracker":1,"minecraft:player_head":1,"minecraft:iron_nugget":1,"minecells:transposition_core":3,"minecells:torn_kings_crest_flag":1,"minecraft:tipped_arrow":1,"minecells:guts":45,"minecraft:stick":20,"betternether:wall_mushroom_red":1,"minecraft:oak_fence":2,"minecells:monsters_eye":9,"minecells:arcane_goo":4,"minecraft:porkchop":6,"minecraft:diorite":3,"majruszsaccessories:adventurer_kit":1,"minecells:putrid_fence":13,"minecraft:arrow":22,"minecraft:rotten_flesh":72,"minecraft:peony":7,"minecells:cell_infused_steel":6,"promenade:sap_maple_sapling":8,"minecells:putrid_board_block":2,"promenade:apricot":3,"minecraft:gold_ingot":71,"promenade:maple_planks":8,"gravestones:gravestone":7,"promenade:stripped_maple_log":1,"minecraft:mutton":7,"minecells:broadsword":4,"minecraft:skeleton_skull":2,"minecraft:white_wool":3,"minecraft:cobblestone":3,"betternether:glowstone_pile":4,"minecells:prison_stone":1,"promenade:fulvous_maple_sapling":7,"majruszsdifficulty:tattered_helmet":1,"minecraft:oak_log":13,"minecraft:chainmail_chestplate":1,"minecraft:gunpowder":6,"minecraft:dirt":25,"minecraft:paper":1,"promenade:mikado_maple_sapling":5,"minecells:putrid_planks":8,"minecraft:bone":7,"minecells:arrow_sign":1,"majruszsaccessories:miner_guide":7,"minecraft:apple":2,"minecraft:bow":1,"minecraft:wheat_seeds":5,"minecraft:iron_ingot":77,"minecraft:cobweb":6,"promenade:maple_log":58,"minecraft:moss_block":1,"minecraft:iron_sword":1,"minecraft:book":2,"minecells:firebrands":19,"minecells:monster_cell":95,"minecells:infected_flesh":45,"minecells:assault_shield":2,"minecells:metal_shards":7,"minecells:cudgel":1,"minecells:multiple_nocks_bow":1,"minecells:electric_whip":2,"minecells:explosive_bulb":4,"minecraft:diamond":6,"minecells:bloomrock":2,"minecraft:chainmail_helmet":1,"minecells:greed_shield":1,"minecraft:emerald":33,"minecraft:rooted_dirt":1,"minecells:putrid_door":2,"minecraft:oak_sapling":14,"minecraft:black_wool":2,"minecraft:coal":1},"minecraft:used":{"minecraft:oak_fence":2,"minecraft:chest":1,"minecraft:dirt":23,"minecraft:wooden_axe":67,"gravestones:gravestone":3,"minecells:broadsword":159,"minecells:putrid_planks":7,"minecraft:wooden_pickaxe":15,"artifacts:eternal_steak":114,"minecells:putrid_board_block":1,"promenade:maple_log":27,"minecraft:crafting_table":3,"minecells:prison_stone":1,"minecells:putrid_fence":2,"minecells:bloomrock":2,"minecraft:porkchop":4},"minecraft:dropped":{"minecraft:enchanted_book":16,"minecraft:iron_ingot":33,"minecraft:iron_sword":2,"betternether:wall_mushroom_red":1,"minecraft:candle":3,"minecraft:porkchop":2,"minecraft:wheat_seeds":2,"minecells:transposition_core":1,"minecraft:diamond":8,"majruszsaccessories:adventurer_kit":1,"minecraft:cobblestone":3,"minecells:electric_whip":2,"minecraft:apple":2,"minecraft:leather":8,"minecraft:spruce_button":1,"minecraft:chainmail_helmet":1,"minecells:monsters_eye":1,"minecells:assault_shield":1,"minecraft:stick":1,"minecraft:emerald":31,"minecraft:cobweb":6,"minecells:broadsword":2,"minecells:infected_flesh":11,"promenade:apricot":3,"minecells:putrid_fence":1,"minecraft:chain":4,"minecraft:paper":2,"minecraft:string":3,"minecraft:gold_ingot":28,"minecraft:iron_nugget":1,"majruszsaccessories:miner_guide":6,"minecraft:rotten_flesh":18,"gravestones:gravestone":2,"minecells:monster_cell":22,"minecraft:tipped_arrow":1,"minecraft:gunpowder":2,"betternether:glowstone_pile":4,"minecraft:skeleton_skull":1,"minecraft:oak_sapling":4,"betternether:lumabus_seed":9,"minecells:guts":13,"minecraft:arrow":4,"minecells:cudgel":1}},"DataVersion":3465}