{
  "majruszsdifficulty:game_stage_normal": {
    "criteria": {
      "is_triggered": "2024-06-09 21:37:52 +0000"
    },
    "done": true
  },
  "1_splatus:ultris/root": {
    "criteria": {
      "c1": "2024-06-09 21:37:53 +0000"
    },
    "done": true
  },
  "minecraft:recipes/decorations/crafting_table": {
    "criteria": {
      "unlock_right_away": "2024-06-09 21:37:53 +0000"
    },
    "done": true
  },
  "betternether:root": {
    "criteria": {
      "welcome": "2024-06-09 21:37:53 +0000"
    },
    "done": true
  },
  "betterend:root": {
    "criteria": {
      "welcome": "2024-06-09 21:37:53 +0000"
    },
    "done": true
  },
  "betterdungeons:root": {
    "criteria": {
      "always": "2024-06-09 21:37:53 +0000"
    },
    "done": true
  },
  "more_rpg_content:root": {
    "criteria": {
      "always": "2024-06-09 21:37:53 +0000"
    },
    "done": true
  },
  "rpg_classes:root": {
    "criteria": {
      "always": "2024-06-09 21:37:53 +0000"
    },
    "done": true
  },
  "mythicmobs:mythicmobs": {
    "criteria": {
      "tick": "2024-06-09 21:37:53 +0000"
    },
    "done": true
  },
  "lootr:root": {
    "criteria": {
      "always_true": "2024-06-09 21:37:53 +0000"
    },
    "done": true
  },
  "livingthings:recipes/bone_meal": {
    "criteria": {
      "has_tooth": "2024-06-09 22:10:49 +0000"
    },
    "done": true
  },
  "livingthings:recipes/cooked_giraffe_from_smoking": {
    "criteria": {
      "has_giraffe": "2024-06-09 22:10:49 +0000",
      "has_cooked_giraffe": "2024-06-09 22:10:49 +0000"
    },
    "done": true
  },
  "livingthings:recipes/cooked_elephant_from_campfire_cooking": {
    "criteria": {
      "has_elephant": "2024-06-09 22:10:49 +0000",
      "has_cooked_elephant": "2024-06-09 22:10:49 +0000"
    },
    "done": true
  },
  "livingthings:recipes/cooked_lion_from_campfire_cooking": {
    "criteria": {
      "has_lion": "2024-06-09 22:10:49 +0000",
      "has_cooked_lion": "2024-06-09 22:10:49 +0000"
    },
    "done": true
  },
  "livingthings:recipes/cooked_giraffe": {
    "criteria": {
      "has_giraffe": "2024-06-09 22:10:49 +0000",
      "has_cooked_giraffe": "2024-06-09 22:10:49 +0000"
    },
    "done": true
  },
  "livingthings:recipes/cooked_ostrich_from_smoking": {
    "criteria": {
      "has_ostrich": "2024-06-09 22:10:49 +0000",
      "has_cooked_ostrich": "2024-06-09 22:10:49 +0000"
    },
    "done": true
  },
  "livingthings:recipes/cooked_lion": {
    "criteria": {
      "has_lion": "2024-06-09 22:10:49 +0000",
      "has_cooked_lion": "2024-06-09 22:10:49 +0000"
    },
    "done": true
  },
  "livingthings:recipes/cooked_crab_from_campfire_cooking": {
    "criteria": {
      "has_crab": "2024-06-09 22:10:49 +0000",
      "has_cooked_crab": "2024-06-09 22:10:49 +0000"
    },
    "done": true
  },
  "livingthings:recipes/cooked_crab_from_smoking": {
    "criteria": {
      "has_crab": "2024-06-09 22:10:49 +0000",
      "has_cooked_crab": "2024-06-09 22:10:49 +0000"
    },
    "done": true
  },
  "livingthings:recipes/cooked_ostrich_from_campfire_cooking": {
    "criteria": {
      "has_ostrich": "2024-06-09 22:10:49 +0000",
      "has_cooked_ostrich": "2024-06-09 22:10:49 +0000"
    },
    "done": true
  },
  "livingthings:recipes/lexicon": {
    "criteria": {
      "has_book": "2024-06-09 22:10:49 +0000"
    },
    "done": true
  },
  "livingthings:recipes/cooked_elephant": {
    "criteria": {
      "has_elephant": "2024-06-09 22:10:49 +0000",
      "has_cooked_elephant": "2024-06-09 22:10:49 +0000"
    },
    "done": true
  },
  "livingthings:recipes/cooked_crab": {
    "criteria": {
      "has_crab": "2024-06-09 22:10:49 +0000",
      "has_cooked_crab": "2024-06-09 22:10:49 +0000"
    },
    "done": true
  },
  "toolleveling:recipes/tool_leveling_table": {
    "criteria": {
      "has_enchanting_table": "2024-06-09 22:10:49 +0000"
    },
    "done": true
  },
  "livingthings:recipes/cooked_ostrich": {
    "criteria": {
      "has_ostrich": "2024-06-09 22:10:49 +0000",
      "has_cooked_ostrich": "2024-06-09 22:10:49 +0000"
    },
    "done": true
  },
  "livingthings:recipes/arrow": {
    "criteria": {
      "has_feather": "2024-06-09 22:10:49 +0000",
      "has_tooth": "2024-06-09 22:10:49 +0000"
    },
    "done": true
  },
  "livingthings:recipes/cooked_elephant_from_smoking": {
    "criteria": {
      "has_elephant": "2024-06-09 22:10:49 +0000",
      "has_cooked_elephant": "2024-06-09 22:10:49 +0000"
    },
    "done": true
  },
  "livingthings:recipes/cooked_giraffe_from_campfire_cooking": {
    "criteria": {
      "has_giraffe": "2024-06-09 22:10:49 +0000",
      "has_cooked_giraffe": "2024-06-09 22:10:49 +0000"
    },
    "done": true
  },
  "livingthings:recipes/cooked_lion_from_smoking": {
    "criteria": {
      "has_lion": "2024-06-09 22:10:49 +0000",
      "has_cooked_lion": "2024-06-09 22:10:49 +0000"
    },
    "done": true
  },
  "1_splatus:ultris/ender": {
    "criteria": {
      "c1": "2024-06-09 22:23:47 +0000"
    },
    "done": true
  },
  "betternether:enter_nether": {
    "criteria": {
      "entered_nether": "2024-06-09 22:47:51 +0000"
    },
    "done": true
  },
  "minecraft:story/enter_the_nether": {
    "criteria": {
      "entered_nether": "2024-06-09 22:47:51 +0000"
    },
    "done": true
  },
  "majruszsdifficulty:game_stage_expert": {
    "criteria": {
      "is_triggered": "2024-06-09 22:47:51 +0000"
    },
    "done": true
  },
  "minecraft:nether/root": {
    "criteria": {
      "entered_nether": "2024-06-09 22:47:51 +0000"
    },
    "done": true
  },
  "betternether:all_the_biomes": {
    "criteria": {
      "betternether:bone_reef": "2024-06-09 22:47:52 +0000",
      "betternether:crimson_glowing_woods": "2024-06-10 02:50:48 +0000",
      "betternether:wart_forest": "2024-06-10 02:54:37 +0000",
      "betternether:sulfuric_bone_reef": "2024-06-09 22:54:45 +0000"
    },
    "done": false
  },
  "minecraft:nether/explore_nether": {
    "criteria": {
      "minecraft:crimson_forest": "2024-06-10 02:52:07 +0000"
    },
    "done": false
  },
  "majruszsdifficulty:bleeding": {
    "criteria": {
      "bleeding_applied": "2024-06-10 02:53:54 +0000"
    },
    "done": true
  },
  "minecraft:adventure/root": {
    "criteria": {
      "killed_by_something": "2024-06-10 02:53:56 +0000"
    },
    "done": true
  },
  "betternether:recipes/misc/bn_glowstone_dust": {
    "criteria": {
      "has_glowstone_pile": "2024-06-10 02:45:48 +0000"
    },
    "done": true
  },
  "DataVersion": 3465
}